ticker,debtToEquityRatio,profitMargins,returnOnEquity,returnOnAssets,freeCashFlow,revenueGrowth,earningsGrowth,operatingMargins,dividendRate,dividendYield,payoutRatio,trailingPE,forwardPE,priceToSalesRatio,marketCap,enterpriseValue,recommendationMean,targetMeanPrice
AAPL,,0.23971,1.5741299,0.21464,,0.061,-0.341,0.31171,1.0,0.0041,0.1612,40.17298,29.349499,,3685987909632,3739881308160.0,1.89362,246.85358
NVDA,,0.55041003,1.23767,0.55258,,1.224,1.68,0.62057,0.04,0.00029999999,0.0111,54.667984,31.215017,,3387211907072,3553896693760.0,1.3125,172.80222
MSFT,,0.35608003,0.35604,0.14592,,0.16,0.104,0.46583998,3.32,0.007900001,0.2477,34.593388,27.875505,,3112092041216,3130501365760.0,1.41071,507.3098
AMZN,,0.080419995,0.22558,0.07069,,0.11,0.521,0.109589994,,,,46.955223,35.678585,,2315613372416,2386099699712.0,1.40299,240.38594
GOOGL,,0.27738002,0.32101002,0.16483,,0.151,0.366,0.32312,0.8,0.0042,0.0531,25.12334,21.130798,,2325461598208,2254871724032.0,1.59016,211.14021
GOOG,,0.27738002,0.32101002,0.16483,,0.151,0.366,0.32312,0.8,0.0042,0.0531,25.249006,21.26466,,2325457403904,2269560700928.0,1.56667,210.375
META,,0.35549998,0.36134,0.17188999,,0.189,0.374,0.42765,2.0,0.0033000002,0.0708,28.252712,23.571959,,1512775352320,1490921455616.0,1.5,655.5308
TSLA,,0.13075,0.20389,0.04759,,0.078,0.17,0.107889995,,,,104.1978,114.93054,,1217511555072,1197425426432.0,2.76596,286.18643
AVGO,,0.108830005,0.12509,0.077010006,,0.164,1.881,0.31765,2.12,0.0117,1.6317999,178.44615,30.486137,,1087373770752,103630258176.0,1.4186,237.41817
BRK-B,,0.28893,0.18441999,0.07893,,-0.002,,0.36023,,,,9.114972,22.310423,,972120522752,-197319491584.0,,497.66666
WMT,,0.02339,0.18531999,0.069510005,,0.048,-0.423,0.04689,0.83,0.0099,0.4141,37.190083,32.65626,,723005079552,736540164096.0,1.54762,98.48237
LLY,,0.20482999,0.65318,0.13946,,0.204,,0.39773998,6.0,0.0077,0.542,84.02483,34.374065,,699730755584,727523590144.0,1.75,984.04553
JPM,,0.33163,0.16216,0.013259999,,0.03,0.009,0.43787998,5.0,0.0208,0.2557,13.333333,14.055522,,675681599488,202485694464.0,2.31818,247.39555
V,,0.54955,0.50708,0.16174,,0.117,0.169,0.66122,2.36,0.0075,0.2138,32.37899,24.8156,,608826163200,593991172096.0,,331.91772
MA,,0.45262,1.7757801,0.22886999,,0.128,0.041,0.59301996,3.04,0.0058,0.1927,39.515884,31.90272,,479474909184,486489915392.0,1.66667,564.63513
ORCL,,0.20396,1.55578,0.072909996,,0.069,0.198,0.30517998,1.6,0.0083,0.4124,40.693626,23.535666,,464379281408,601787858944.0,,196.55232
XOM,,0.09802,0.14513999,0.07083,,-0.015,-0.147,0.13274,3.96,0.0369,0.4732,13.363637,13.075615,,471637098496,495069593600.0,2.22222,129.97845
UNH,,0.03635,0.15252,0.06924,,0.092,0.043,0.08637,8.4,0.0166,0.5176,32.781677,16.882189,,464292511744,515088646144.0,1.44444,635.8546
COST,,0.02895,0.30267,0.0836,,0.01,0.088,0.03817,4.64,0.0047,0.2644,53.48677,45.475266,,403863764992,436734459904.0,2.0,1024.2355
PG,,0.17063,0.28766,0.10601,,-0.006,-0.121,0.27763999,4.03,0.024300002,0.6714,28.666666,22.39559,,390889537536,415977832448.0,1.96429,180.99692
HD,,0.0945,4.04933,0.15313,,0.066,-0.037,0.13472,9.0,0.0232,0.6001,26.389944,24.677162,,385881800704,446810849280.0,1.925,430.80914
NFLX,,0.20701,0.34714,0.1184,,0.15,0.448,0.29614002,,,,50.23966,36.98439,,379039809536,388324655104.0,2.15556,841.7044
JNJ,,0.16744,0.20889,0.08403,,0.052,-0.891,0.24516001,4.96,0.0344,0.8033,23.804958,13.559214,,346745470976,362199875584.0,2.20833,174.28
BAC,,0.24952,0.08092,0.0072899996,,-0.005,-0.1,0.30769,1.04,0.0235,0.35509998,16.047102,11.988544,,339831881728,336304832512.0,2.0,49.50619
CRM,,0.15445,0.09734,0.04705,,0.084,0.148,0.20181999,1.6,0.0047999998,0.13939999,54.38487,29.450586,,316441624576,316399091712.0,1.82353,395.75555
ABBV,,0.09222999,0.56407,0.077199996,,0.038,-0.123,0.28928,6.56,0.0366,2.1359,62.52265,14.738071,,317095608320,381172645888.0,1.89655,202.54214
KO,,0.2245,0.3723,0.08438,,-0.008,-0.07,0.30235,1.94,0.031400003,0.7946,25.65975,20.799278,,266394353664,296984182784.0,1.79167,73.53174
TMUS,,0.12964,0.16087,0.052389998,,0.047,0.434,0.23792,3.52,0.016,0.2965,25.060501,20.281237,,254762369024,362117627904.0,1.89286,245.06769
CVX,,0.087019995,0.103520006,0.053740002,,-0.064,-0.287,0.109110005,6.52,0.0444,0.7033,16.121979,12.827777,,261572198400,285617258496.0,2.04,175.71304
MRK,,0.19229001,0.28332,0.10531,,0.044,-0.333,0.26198998,3.24,0.0327,0.6444,20.74686,10.430175,,250864386048,274459967488.0,1.67857,128.7268
WFC,,0.23228,0.099139996,0.009509999,,-0.018,-0.041,0.31972,1.6,0.0228,0.3015,14.592516,12.810288,,233696903168,198294945792.0,,74.54182
CSCO,,0.17731,0.20761,0.06278,,-0.056,-0.237,0.17036,1.6,0.0271,0.6824,25.364807,15.021121,,235381112832,249124995072.0,2.32143,62.49542
ACN,,0.111940004,0.26674998,0.11627,,0.026,0.236,0.14597,5.92,0.017,0.45099998,29.238894,25.030891,,218179944448,217196363776.0,1.92308,393.0348
NOW,,0.12768,0.16221,0.04698,,0.222,0.769,0.14945,,,,163.972,63.517593,,217528254464,214478258176.0,1.62791,1067.0294
AXP,,0.16698,0.3469,0.03793,,0.08,0.058,0.20936,2.8,0.0094,0.19870001,21.975698,19.715267,,210227511296,218140491776.0,2.74074,291.0887
MCD,,0.3179,,0.13629,,0.027,-0.013,0.46974,7.08,0.0242,0.5865,25.703867,23.18823,,209618534400,261843419136.0,2.02778,321.50656
PEP,,0.1018,0.48819,0.08717,,-0.006,-0.049,0.18011,5.42,0.0361,0.7729,22.187593,17.446844,,206086635520,243201474560.0,2.45455,180.26904
BX,,0.19971001,0.22041,0.100150004,,0.541,0.396,0.51078,3.45,0.0199,1.1649,59.91379,29.809032,,210737905664,156222128128.0,2.41667,178.7
IBM,,0.10222,0.26729,0.047270004,,0.015,,0.14130999,6.68,0.0304,0.97080004,32.061226,20.456718,,203366416384,249872449536.0,2.73684,217.12354
DIS,,0.053049996,0.0546,0.03622,,0.037,,0.14913,0.9,0.0082,0.2757,40.742645,18.236542,,200688369664,244472922112.0,2.0,122.66429
LIN,,0.19328,0.1619,0.06832,,0.025,0.009,0.2719,5.56,0.0134000005,0.4131,31.447989,24.485962,,197210374144,215715315712.0,1.96429,493.0528
TMO,,0.14479999,0.12944001,0.04674,,0.002,-0.038,0.18059999,1.56,0.003,0.0953,32.783566,22.311893,,199883030528,228858167296.0,1.6875,648.5972
MS,,0.19205,0.11079001,0.00935,,0.165,0.362,0.33174,3.7,0.0297,0.5281,18.963526,15.524727,,201025568768,61898018816.0,2.56522,127.68889
ABT,,0.13992,0.14840001,0.06488,,0.049,0.146,0.18749,2.36,0.0208,0.65650004,34.480244,22.005522,,196757143552,204246679552.0,1.77778,130.53792
ADBE,,0.25588,0.35355,0.15969,,0.106,0.233,0.36834,,,,35.7085,19.124596,,194128199680,240642179072.0,1.92308,585.99945
AMD,,0.07516,0.03262,0.01249,,0.176,1.611,0.10617,,,,106.75221,23.495934,,195759570944,193453244416.0,1.63265,183.16273
PM,,0.26417,,0.13116,,0.084,0.493,0.43425998,5.4,0.0446,0.8333,19.222221,16.983667,,188289908736,235284332544.0,,136.15614
ISRG,,0.28513,0.15973,0.0795,,0.169,0.345,0.28325,,,,83.97917,66.75074,,186648494080,182511206400.0,1.93939,557.6161
PLTR,,0.18009001,0.12409,0.045819998,,0.3,1.0,0.15594,,,,375.95,158.33473,,171284332544,167067877376.0,3.2381,43.89556
GE,,0.08926,0.22552,0.03017,,0.058,6.064,0.18247999,1.12,0.0066000004,0.1815,33.252464,31.975586,,182463283200,188192948224.0,1.33333,210.30118
INTU,,0.18195,0.16597,0.08039,,0.41,-0.185,0.15697,4.16,0.0061000003,0.3452,60.582684,28.20663,,174329495552,,1.78125,728.07654
GS,,0.24648,0.1017,0.00737,,0.042,0.536,0.32743,12.0,0.0209,0.32970002,16.86129,13.44156,,180488830976,-91316248576.0,2.08696,605.5
CAT,,0.1626,0.53475,0.09932,,-0.042,-0.072,0.19496,5.64,0.015700001,0.2465,16.694664,16.234104,,173697662976,206844854272.0,2.69231,392.80453
TXN,,0.31601998,0.29293,0.10236,,-0.084,-0.206,0.3734,5.44,0.0291,0.96650004,34.74907,30.80358,,170538975232,176360898560.0,,208.83173
QCOM,,0.2603,0.42253,0.12069,,0.187,0.941,0.2625,3.4,0.0221,0.3691,17.185682,12.514692,,170694049792,172834045952.0,2.15385,204.70387
VZ,,0.07298,0.10431,0.04982,,,-0.31,0.23933001,2.71,0.0674,1.1569,17.406927,8.504401,,169269215232,343954063360.0,2.30769,47.49583
BKNG,,0.21846001,,0.15423,,0.089,0.065,0.40893,35.0,0.0070999996,0.1776,33.333042,23.492483,,163010854912,163955916800.0,,5238.12
DHR,,0.16393,0.07586,0.03858,,0.031,-0.26,0.20335,1.08,0.0047,0.2491,43.27872,27.491995,,165986025472,182189047808.0,1.53571,287.31155
T,,0.07419,0.08759,0.04033,,-0.005,,0.23618999,1.11,0.048600003,0.90239996,18.560976,10.415573,,163811868672,325076844544.0,2.14286,25.765
BLK,,0.31372,0.1505,0.03597,,0.149,0.023,0.3985,20.4,0.0201,0.501,25.127192,21.012526,,157573906432,159922831360.0,1.72222,1145.5883
RTX,,0.05969,0.073460005,0.03165,,0.492,,0.11991999,2.52,0.0217,0.7032,33.432278,19.104095,,154411630592,193222213632.0,2.375,135.9141
SPGI,,0.25792,0.099309996,0.05667,,0.159,0.335,0.40392,3.64,0.0073,0.3204,43.656387,29.407732,,153753649152,168496644096.0,1.52174,580.91473
PFE,,0.071609996,0.04538,0.033069998,,0.312,,0.32987,1.72,0.0646,2.2267,35.48,9.070828,,150798614528,209062608896.0,2.32,31.86304
HON,,0.15015,0.31865,0.07332,,0.056,-0.048,0.2207,4.52,0.02,0.4988,26.04157,20.46294,,146643697664,168273788928.0,2.26923,246.80826
NEE,,0.26492,0.09887999,0.030469999,,0.055,0.5,0.35562,2.06,0.028800001,0.59720004,21.24926,19.466486,,147258802176,237250134016.0,2.125,87.00909
CMCSA,,0.11924,0.16884,0.05365,,0.065,-0.041,0.18269,1.24,0.033099998,0.32880002,10.086253,8.555802,,143189114880,236507119616.0,2.06667,47.88107
ANET,,0.40293998,0.33833998,0.15884,,0.2,0.355,0.43362,,,,53.745193,45.474148,,140828573696,27848542208.0,1.84615,108.48424
AMGN,,0.13002,0.5572,0.04597,,0.232,0.621,0.24156,9.52,0.0367,1.1341001,33.113667,12.55274,,139371560960,190758486016.0,2.40625,321.12155
PGR,,0.112720005,0.36411,0.06895,,0.267,1.101,0.15293999,4.9,0.020399999,0.0836,17.476397,16.87912,,140975423488,146974736384.0,2.2,278.2353
LOW,,0.08248,,0.14649999,,-0.055,-0.086,0.14615,4.6,0.016900001,0.3675,20.53034,19.496214,,139457249280,190109532160.0,2.10526,283.1506
SYK,,0.16337,0.18868,0.071100004,,0.119,0.2,0.21587,3.36,0.0094,0.343,38.448017,26.566912,,136749801472,148072726528.0,1.9375,407.16858
UNP,,0.27326,0.43396,0.089940004,,0.025,0.096,0.39862,5.36,0.0234,0.4816,21.058823,18.84246,,138905600000,170634510336.0,2.06667,257.7575
TJX,,0.08563,0.66199,0.12818,,0.056,0.129,0.105579995,1.5,0.0125,0.3323,28.573114,26.32946,,136191983616,142452490240.0,1.68,129.55136
KKR,,0.107530005,0.08284,0.01574,,0.238,-0.61,0.2619,0.7,0.0047,0.21049999,46.046295,24.415632,,137672245248,182669426688.0,1.65,167.7021
SCHW,,0.27471,0.12111,0.0109399995,,0.052,0.271,0.38416,1.0,0.0135,0.39060003,28.84375,18.944262,,135168540672,140192235520.0,2.18182,83.9
ETN,,0.15314001,0.20079,0.07403,,0.079,0.14,0.19228001,3.76,0.0113,0.39150003,35.3525,27.50347,,131190587392,139319590912.0,1.93333,381.2972
AMAT,,0.27743,0.4391,0.15205,,0.055,0.108,0.28652,1.6,0.0086,0.1528,19.05465,15.547319,,133338554368,150907158528.0,1.89474,213.12788
BA,,-0.10880999,,-0.02665,,-0.015,,-0.31418,,,,,245.99245,,128589004800,153441189888.0,2.10714,184.13
BSX,,0.112629995,0.08916,0.04903,,0.193,-0.063,0.17059,,,,73.86777,31.923367,,131730923520,140734693376.0,1.52941,99.41606
C,,0.11524,0.03874,0.00339,,-0.024,-0.074,0.24610001,2.24,0.032,0.6125,19.925926,9.583448,,132274733056,7543060480.0,1.9,81.19526
UBER,,0.10492,0.34326,0.04034,,0.204,11.205,0.09483,,,,31.118227,19.991201,,133017690112,139001659392.0,1.53704,89.93327
COP,,0.17472,0.20376,0.1003,,-0.079,-0.241,0.24277,3.12,0.0312,0.3464,11.871886,11.92816,,129459494912,126695317504.0,1.71429,132.86143
PANW,,0.3211,0.74517995,0.032190003,,0.121,0.591,0.119799994,,,,46.945457,49.812454,,118601588736,126756487168.0,1.77778,204.56041
ADP,,0.19715,0.87263,0.06544,,0.071,0.125,0.26488,6.16,0.021300001,0.59830004,30.945513,26.636099,,118019915776,120699691008.0,,296.88187
DE,,0.14698,0.35481,0.07862,,-0.168,-0.383,0.19016,5.88,0.0145000005,0.1965,16.316036,18.388319,,113567236096,171760975872.0,2.25,464.47592
FI,,0.15222,0.10618,0.043169998,,0.07,-0.372,0.30719,,,,39.841393,20.19004,,117185929216,142003879936.0,1.64103,230.70294
BMY,,-0.15301,-0.3133,0.060739998,,0.084,-0.358,0.18475,2.48,0.0437,0.5984,,8.020744,,115180339200,158581145600.0,2.61538,60.91048
LMT,,0.09363,0.81037,0.09992,,0.013,0.01,0.12687,13.2,0.0274,0.45599997,17.453856,17.32833,,114310135808,130480259072.0,2.34783,591.3571
GILD,,0.00445,0.00561,0.119619995,,0.07,-0.422,0.41962,3.08,0.0335,34.0,1020.8888,12.137176,,114507276288,130974908416.0,,98.92
NKE,,0.10599,0.3798,0.106479995,,-0.104,-0.255,0.104320005,1.6,0.0208,0.466,22.737654,28.369204,,109657792512,116595023872.0,2.18421,86.33265
CB,,0.18277,0.16125,0.02915,,0.078,0.152,0.19610001,3.64,0.0134000005,0.1451,11.173431,11.571802,,109852254208,129547264000.0,2.5,301.35
UPS,,0.062480003,0.31422,0.07625,,0.056,0.374,0.0922,6.52,0.052600004,0.9834,18.739788,14.12411,,105706938368,125915889664.0,,149.005
ADI,,0.17068,0.04658,0.0286,,-0.248,-0.546,0.2178,3.68,0.0165,1.0723001,64.43598,23.582512,,104892375040,116578631680.0,1.9375,251.90463
MMC,,0.16822,0.32048,0.08321,,0.059,0.027,0.20994,3.26,0.0154,0.3761,26.027094,22.37458,,103793721344,116968628224.0,2.7,232.0295
MDT,,0.12055001,0.07948,0.04415,,0.028,0.356,0.17511,2.8,0.032,0.9327,24.53211,13.737947,,102865305600,132568342528.0,2.25,96.00148
VRTX,,-0.045149997,-0.029849999,0.12051,,0.116,0.01,0.40824002,,,,,21.691692,,104494964736,99744686080.0,2.0,493.608
MU,,0.03098,0.01743,0.01165,,0.933,,0.19703,0.46,0.0044,0.1318,25.022923,6.804168,,97300463616,121170362368.0,1.53846,131.16455
SBUX,,0.10396,,0.10503,,-0.032,-0.246,0.13262999,2.44,0.026500002,0.6888,27.84592,24.673876,,104502337536,126741897216.0,,103.304
PLD,,0.37427,0.05662,0.021140002,,0.068,0.343,0.40980998,3.84,0.0368,1.1329,31.498491,39.087482,,96563003392,133352693760.0,2.04348,129.95238
GEV,,0.03675,,,,0.08,,-0.00247,1.0,0.003,,79.93868,50.80683,,93429825536,88031813632.0,,366.49707
LRCX,,0.2602,0.49116,0.14961,,0.197,0.284,0.30331,0.92,0.0127,0.26860002,23.443367,17.371578,,93207830528,92123758592.0,1.90909,92.82013
MO,,0.50511,,0.21103,,0.013,0.099,0.59843,4.08,0.0777,0.6689,8.869932,9.812367,,88994471936,112302628864.0,,56.80333
SO,,0.17867,0.12713,0.0348,,0.042,0.078,0.35139,2.88,0.035099998,0.66199994,19.130537,19.021948,,89922453504,157593796608.0,2.45455,91.38368
EQIX,,0.12571,0.08267,0.025559999,,0.189,0.058,0.15682,17.04,0.018,1.5365,85.450676,72.888466,,91107049472,107543044096.0,1.53846,1009.95654
CRWD,,0.0484,0.07334,0.00525,,0.317,5.333,0.01417,,,,667.96155,79.095505,,85553668096,86090670080.0,1.80769,376.1309
PYPL,,0.14076,0.22188,0.04343,,0.058,0.065,0.18185,,,,20.617226,17.635118,,86398902272,87737794560.0,2.04348,93.69432
SHW,,0.11094,0.64452004,0.10068,,0.007,0.078,0.18434,2.86,0.0086,0.2736,33.117294,26.169687,,83907346432,95350693888.0,2.24138,385.79175
ICE,,0.26525998,0.09408,0.01983,,0.173,0.188,0.4768,1.8,0.0121,0.42040002,35.472683,22.173357,,85747597312,106550517760.0,1.83333,183.5
CME,,0.57434,0.12297,0.01837,,0.185,0.214,0.64745003,10.4,0.044699997,1.0305,24.445377,22.33989,,83863437312,85272289280.0,2.55556,242.375
AMT,,0.09942,0.17691,0.04454,,,,0.45165002,6.48,0.0358,1.5807,43.621685,26.422993,,84593328128,133775597568.0,1.90909,235.26315
APH,,0.15403,0.25293,0.1076,,0.262,0.171,0.21865,0.66,0.0095999995,0.28370002,39.434288,32.03435,,83199148032,87174447104.0,,77.08667
ELV,,0.03688,0.15504,0.05844,,0.054,-0.2,0.043860003,6.52,0.0178,0.2319,13.317437,10.384029,,84844388352,74163322880.0,1.54545,505.4442
TT,,0.12729,0.35146,0.10542,,0.114,0.25,0.18761998,3.36,0.009,0.2997,34.234432,29.48558,,84122968064,87487422464.0,2.55556,414.40042
MCO,,0.29046,0.54016,0.120950006,,0.232,0.389,0.42029998,3.4,0.0072000003,0.3035,43.300365,35.48518,,85693267968,90690109440.0,,503.311
CMG,,0.13512999,0.45673,0.14012,,0.13,0.231,0.17483999,,,,55.4537,45.353687,,81605509120,84784562176.0,,65.63968
INTC,,-0.29423,-0.15597,-0.00263,,-0.062,,-0.0104600005,0.5,0.0224,2.0833,,20.68648,,87208853504,118690856960.0,,24.32824
KLAC,,0.28921,0.90577006,0.16156,,0.185,0.296,0.39413,6.8,0.0107,0.2651,29.069407,19.271915,,85154291712,87350525952.0,2.0,789.8019
ABNB,,0.16956,0.20873,0.046630003,,0.099,-0.678,0.40862998,,,,45.652775,29.93284,,82145017856,73150971904.0,2.86957,137.55861
DUK,,0.14534001,0.088369995,0.026619999,,0.02,0.01,0.26147,4.18,0.0388,0.7397,19.357271,17.000357,,83289006080,170026057728.0,2.15,123.88941
PH,,0.14468999,0.24641001,0.08545,,0.012,0.07,0.201,6.52,0.0104,0.28030002,28.407944,21.285086,,81031815168,90859380736.0,1.68182,741.405
CDNS,,0.23868,0.27072,0.10872,,0.188,-0.065,0.309,,,,78.125984,43.36065,,81637130240,81521025024.0,1.71429,320.54477
WM,,0.12349,0.35025,0.0795,,0.079,0.153,0.20093,3.0,0.015,0.4504,30.570122,24.843504,,80489938944,96521846784.0,2.17391,231.85
DELL,,0.04325,,0.04377,,0.091,0.857,0.06673,1.78,0.0126,0.30020002,20.624779,12.397956,,81624489984,120382013440.0,,151.50708
MDLZ,,0.10556,0.13552,0.05356,,0.019,-0.125,0.11147001,1.88,0.031600002,0.6188,21.09929,17.502882,,79562809344,98508054528.0,1.5,78.4044
MAR,,0.42131,,0.091450006,,0.066,-0.175,0.58181,2.52,0.0092,0.2408,28.73822,25.86255,,76267732992,90335854592.0,2.57692,277.2
MSI,,0.1466,1.82528,0.13376,,0.092,0.219,0.27097,4.36,0.0095,0.4294,50.24398,31.17355,,76746973184,81928790016.0,,503.121
WELL,,0.121190004,0.03417,0.01853,,0.288,2.004,0.17371,2.68,0.0215,1.5924001,79.43949,65.29843,,77661896704,91027275776.0,2.05263,144.73685
AON,,0.16320999,0.82182,0.05684,,0.26,-0.296,0.19162,2.7,0.0076,0.2209,30.392124,20.374464,,76770107392,93902200832.0,2.75,383.08212
REGN,,0.33613998,0.17166,0.07414,,0.106,0.298,0.33426997,,,,17.698341,15.733759,,78592229376,69854453760.0,1.84,1053.0763
CI,,0.01323,0.07606,0.027999999,,0.28,-0.445,0.027449999,5.6,0.020399999,0.5147,26.042694,8.703493,,76350210048,103703109632.0,1.6,395.7275
HCA,,0.085159995,11.954511,0.115109995,,0.079,0.248,0.13781999,2.64,0.0089,0.1159,13.370005,12.095256,,75419181056,120293212160.0,,398.84
PNC,,0.25107,0.099020004,0.00928,,0.017,-0.031,0.35884,6.4,0.0334,0.52830005,16.17836,12.691804,,75940298752,142871379968.0,2.21739,217.131
ITW,,0.21663,1.08036,0.17029,,-0.016,0.533,0.26752,6.0,0.024,0.4935,21.64762,23.241827,,73833857024,81233862656.0,3.2381,263.84158
SNPS,,0.23111999,0.21819,0.0862,,0.127,0.204,0.23608999,,,,52.076588,27.92506,,74622525440,89040527360.0,1.47619,637.7786
CTAS,,0.16795,0.40462002,0.14961,,0.068,0.183,0.22427,1.56,0.0076,0.35439998,43.877106,38.26996,,73472581632,85166866432.0,2.7,195.78876
CL,,0.14264,4.87923,0.16329001,,0.024,0.049,0.21000999,2.0,0.0221,0.5632,26.020115,23.526325,,73980346368,81323343872.0,2.26087,104.73227
USB,,0.22023001,0.09779,0.00815,,-0.032,0.127,0.35277,2.0,0.0418,0.6062,14.726154,11.005082,,74663034880,87187120128.0,2.20833,56.94136
FTNT,,0.26790002,3.1152499,0.12324,,0.13,0.707,0.31152,,,,47.613064,39.12024,,72621424640,69997592576.0,2.37209,97.01541
ZTS,,0.26552,0.47303,0.14664,,0.11,0.163,0.38526002,2.0,0.0123000005,0.3141,30.565788,25.361172,,73363939328,78418944000.0,1.75,213.01118
MCK,,0.0076800003,,0.03917,,0.213,-0.62,0.00796,2.84,0.005,0.133,29.322115,15.435253,,71874699264,76995756032.0,,653.94666
GD,,0.07903,0.16952999,0.05114,,0.104,0.102,0.10205,5.68,0.0218,0.4253,19.878904,16.334494,,71769661440,80720437248.0,2.0,320.63263
TDG,,0.21587,,0.098120004,,0.18,-0.2,0.43275002,,,,49.026974,28.717035,,70519103488,89181167616.0,1.82609,1496.6295
CEG,,0.11926,0.22846001,0.040599998,,0.072,0.69,0.22397,1.41,0.0058,0.14770001,26.74752,27.110811,,75877277696,82867175424.0,1.78947,279.35117
AJG,,0.10988,0.10321999,0.02923,,0.119,0.086,0.18721001,2.4,0.0087,0.44849998,52.65077,24.329914,,68918157312,67113566208.0,2.41176,297.14133
EMR,,0.11251,0.05933,0.04335,,0.129,0.342,0.17601,2.11,0.0173,0.7447,43.32624,18.758972,,69585297408,80308035584.0,1.75,140.2637
MMM,,0.13451,1.1329399,0.09032,,0.004,,0.21433,2.8,0.0216,0.4589,13.496358,16.36467,,70629294080,77254254592.0,2.26316,146.46
ORLY,,0.14522,,0.14369,,0.038,0.064,0.20546,,,,29.413322,26.431164,,68567326720,76158255104.0,,1271.7546
NOC,,0.05795,0.15484,0.04161,,0.023,0.133,0.12885,8.24,0.0176,0.48459998,28.81835,16.696093,,68186722304,82959876096.0,2.41667,560.3644
COF,,0.16455,0.07479,0.0091,,0.064,-0.009,0.29713,2.4,0.0134000005,0.22659999,16.859434,11.450375,,68179656704,74914709504.0,2.47619,189.67332
ECL,,0.13045,0.25164,0.07416,,0.178,,0.14715,2.6,0.0113,0.3198,32.343136,30.831446,,65390596096,71670784000.0,2.25926,275.4819
EOG,,0.2992,0.24908,0.12552,,-0.039,-0.152,0.35568002,3.9,0.0313,0.2869,10.057259,11.249465,,70143139840,68135190528.0,2.125,145.13333
FDX,,0.0462,0.1507,0.047270004,,0.139,-0.133,0.0764,5.52,0.02,0.33720002,17.514687,12.064409,,66060615680,,1.90323,325.73035
BDX,,0.07126,0.05633,0.032479998,,0.069,2.901,0.15192,3.89,0.0175,0.64849997,38.584328,14.486988,,65683914752,82109636608.0,1.66667,278.795
APD,,0.31636,0.2258,0.049689997,,-0.001,1.81,0.25791,7.08,0.025,0.4095,16.42261,20.030985,,62997749760,76618653696.0,2.0,349.04285
WMB,,0.27754,0.20583001,0.04398,,0.045,0.077,0.32817,1.9,0.034,0.7934,23.677967,26.436304,,68118282240,96937377792.0,,55.58421
SPG,,0.41482,0.81232,0.057540003,,0.049,-0.198,0.51851004,8.4,0.0484,1.0505,23.106524,26.732538,,65155829760,81038548992.0,2.31579,185.75
ADSK,,0.18208,0.57445997,0.0889,,0.119,0.262,0.23653999,,,,58.43028,31.720903,,63213101056,69086396416.0,,327.00723
RCL,,0.16207,0.44263,0.0731,,0.175,0.154,0.33483002,2.2,0.0095999995,0.0401,22.924927,15.833761,,61577756672,82894807040.0,,247.65909
RSG,,0.12458,0.18284,0.063260004,,0.065,0.185,0.20966,2.32,0.0116,0.3496,32.065704,29.259468,,62658584576,75437907968.0,,221.7695
CARR,,0.14003,0.13931,0.04176,,0.213,0.167,0.12684,0.9,0.013200001,0.4441,40.19412,22.51482,,61307523072,72308547584.0,2.26923,82.11955
CSX,,0.24971001,0.29458,0.08164,,0.013,0.122,0.37717998,0.48,0.0149,0.25,17.106382,15.802819,,62017986560,79500959744.0,1.89286,38.65846
HLT,,0.25069,,0.09082,,0.063,-0.042,0.50161,0.6,0.0023999999,0.1282,52.37607,30.622543,,59755352064,70177308672.0,2.37037,241.88
DLR,,0.08209,0.01956,0.0086900005,,0.016,-0.96,0.10094,4.88,0.0276,3.9675,145.08197,165.42055,,59845292032,77688299520.0,2.12,182.73914
TGT,,0.04182,0.33968,0.07233,,0.027,0.428,0.06644,4.48,0.0287,0.45450002,14.563694,14.878029,,62862106624,71738318848.0,,141.64188
KMI,,0.16765,0.083500005,0.03848,,-0.053,0.181,0.27467,1.15,0.040900003,1.0088,24.876106,22.045504,,62450298880,95880306688.0,2.31579,26.525
OKE,,0.14047,0.16875,0.06003,,0.199,0.192,0.22656,3.96,0.038900003,0.8316,21.561441,16.7759,,59327127552,87010426880.0,,110.65125
TFC,,-0.10678001,-0.09505,-0.01138,,0.061,0.239,0.40328,2.08,0.048,0.5226,,10.992804,,57521442816,75792465920.0,2.30435,49.91238
AFL,,0.22015,0.16038,0.0235,,-0.404,,0.04815,2.32,0.0227,0.28530002,15.20951,14.558239,,56863846400,60149886976.0,,105.76923
GM,,0.06058,0.14167,0.026989998,,0.105,0.218,0.07857,0.48,0.0093,0.048,5.4823904,4.865237,,56486449152,161865236480.0,2.17241,59.39923
BK,,0.20038,0.08563,0.008590001,,0.047,0.22,0.33231997,1.88,0.024300002,0.387,17.317675,11.731632,,56283111424,-33775867904.0,2.05882,83.54438
ROP,,0.21784,0.08238,0.040489998,,0.129,0.054,0.28142,3.3,0.0064,0.1658,37.890114,25.598354,,55093186560,63200264192.0,2.17647,605.9494
MET,,0.052729998,0.13260001,0.0058099995,,0.162,2.232,0.15087,2.18,0.026700001,0.432,16.588236,8.411192,,56626102272,130933284864.0,1.8,92.53846
CPRT,,0.32171002,0.20129,0.12967,,0.072,-0.083,0.33633998,,,,39.384617,31.831257,,54265896960,51532169216.0,,61.0625
FCX,,0.07812,0.16870001,0.08642,,0.166,0.161,0.29042998,0.6,0.015800001,0.4348,27.449276,17.47926,,54430912512,70427820032.0,,52.91714
CVS,,0.013660001,0.06697,0.02365,,0.06,-0.961,0.0159,2.66,0.0602,0.65989995,11.223351,6.53447,,55646892032,128832782336.0,1.92857,66.2576
PCAR,,0.13514,0.27142,0.084580004,,-0.052,-0.209,0.13919,1.32,0.0128,0.1275,11.568233,13.023795,,54223208448,60683161600.0,2.57143,115.34667
SRE,,0.22697,0.09734,0.017719999,,-0.167,-0.123,0.1531,2.48,0.028499998,0.5407,19.19163,16.895908,,55188049920,96393076736.0,1.7,94.41765
AZO,,0.14399,,0.14281,,0.09,0.117,0.20896,,,,21.73913,18.79564,,54542151680,68504272896.0,1.86667,3574.4963
TRV,,0.10019,0.19059,0.029289998,,0.119,2.115,0.13928,4.2,0.0174,0.21059999,12.378726,11.352304,,54686609408,56465596416.0,2.8,264.3862
NXPI,,0.20983,0.29555,0.0979,,-0.054,-0.073,0.30462,4.06,0.0197,0.38740003,19.676529,15.7426405,,52409511936,59781423104.0,1.91176,265.78595
JCI,,0.07429,0.0805,0.03556,,-0.095,0.18,0.14405,1.48,0.0187,0.7115,37.95673,19.19108,,52279504896,62675435520.0,2.08333,88.50909
GWW,,0.10802,0.52611,0.18872,,0.043,0.047,0.15634,8.2,0.007900001,0.21190001,28.245932,24.726051,,50731483136,52849446912.0,,1082.08
NSC,,0.19849001,0.18303,0.06767,,0.027,1.31,0.49885,5.4,0.023,0.5066,22.02817,17.369621,,53075906560,69833826304.0,2.10714,276.844
PSA,,0.40367,0.19163999,0.06983,,0.034,-0.325,0.47022998,12.0,0.0405,1.2448001,30.765558,27.864996,,51955773440,65258459136.0,2.4,346.0
SLB,,0.12441,0.21722999,0.08113,,0.102,0.064,0.17959999,1.1,0.0286,0.3457,12.347268,10.872058,,54226563072,63957725184.0,1.58065,55.61483
AMP,,0.15517001,0.56751,0.02113,,0.119,-0.386,0.34145,5.92,0.0112,0.2164,20.242933,13.711361,,51413860352,44447838208.0,,559.2
ALL,,0.067719996,0.23783001,0.03271,,0.147,,0.093219995,3.68,0.019199999,0.2359,12.407886,10.052612,,50828935168,53072023552.0,2.15789,223.17647
FICO,,0.29858,,0.27847,,0.164,0.353,0.4345,,,,98.03143,53.960426,,48596463616,50698743808.0,2.44444,2187.3027
MNST,,0.21662001,0.23517,0.14588,,0.013,-0.116,0.25514,,,,33.532055,27.88469,,50872520704,50055438336.0,2.25926,55.2884
PAYX,,0.31983998,0.45672,0.120349996,,0.025,0.017,0.41464,3.92,0.028900001,0.7974,29.157894,26.07059,,49868726272,48264744960.0,3.15789,137.94376
CHTR,,0.085200004,0.32965,0.05407,,0.016,0.069,0.24341999,,,,10.951411,9.686514,,49671983104,149223079936.0,2.57692,406.43958
AEP,,0.13464,0.10182,0.026129998,,0.015,-0.016,0.25792998,3.72,0.0405,0.7097,18.536291,15.6905985,,48964026368,92752257024.0,2.90909,99.92778
ROST,,0.09824,0.43236,0.11096,,0.071,0.205,0.124680005,1.47,0.010299999,0.22659999,24.031498,22.61156,,50347167744,48624758784.0,,169.00429
PWR,,0.03539,0.12696,0.04328,,0.155,0.066,0.06442,0.4,0.0013,0.0665,58.425926,30.852999,,46571585536,50832846848.0,1.69565,336.9585
CMI,,0.06132,0.19375,0.06894,,0.003,0.277,0.11625,7.28,0.0209,0.44919997,22.781782,15.682317,,47691321344,54660272128.0,2.5,380.47525
AXON,,0.15324001,0.16424,0.022850001,,0.317,0.062,0.0448,,,,153.73453,95.27407,,45485223936,45058347008.0,,598.0769
VST,,0.12505001,0.30168,0.06409,,0.539,3.2,0.41158,0.89,0.0058999998,0.16290002,28.184559,18.628328,,50918223872,71524253696.0,1.66667,160.464
URI,,0.17125,0.31401,0.0949,,0.06,0.04,0.28482,6.52,0.0095,0.1666,18.048927,14.654695,,45268299776,59204284416.0,2.52174,856.3221
MSCI,,0.43065,,0.18283,,0.159,0.092,0.55868,6.4,0.0107,0.406,39.207485,35.027668,,46797852672,50934956032.0,2.05556,656.6429
LULU,,0.16343,0.43159,0.22567,,0.073,0.175,0.22784,,,,26.959448,24.441368,,45341401088,42183348224.0,2.16667,376.82455
O,,0.1754,0.02513,0.02242,,0.286,-0.089,0.44883,3.17,0.0602,2.9624,50.095238,35.739277,,46036099072,72496529408.0,2.47826,63.375
PSX,,0.0228,0.11121,0.0287,,-0.104,-0.825,0.00183,4.6,0.0402,0.56189996,14.611751,12.264698,,47250071552,66673098752.0,2.0,140.86896
AIG,,-0.04876,0.085,0.00827,,-0.086,-0.747,0.105100006,1.6,0.0219,0.3022,14.508946,10.995949,,45522665472,42362687488.0,2.22222,84.41176
FANG,,0.35208,0.122650005,0.06204,,0.087,-0.371,0.42224,8.29,0.0497,0.6209,9.623774,10.813657,,48697925632,62750957568.0,1.71429,214.33333
D,,0.16946,0.085030004,0.02589,,0.034,5.846,0.35981,2.67,0.049099997,0.9852,20.073801,16.080782,,45696544768,88313520128.0,2.8,58.86647
HWM,,0.14814,0.25719,0.09047,,0.107,0.8,0.22452,0.32,0.0029,0.0885,42.61154,34.632698,,45009653760,48143618048.0,1.58333,124.36909
DHI,,0.12925,0.19631,0.1113,,-0.048,-0.118,0.16636999,1.6,0.0116,0.0837,9.598327,8.614905,,44158902272,46754324480.0,,180.91376
KR,,0.018609999,0.24285999,0.059609998,,-0.006,-0.882,0.01993,1.28,0.0214,0.3037,16.386244,13.095857,,44820156416,63656681472.0,2.13043,65.295
NDAQ,,0.13667,0.10888,0.043870002,,0.311,-0.114,0.2571,0.96,0.0124,0.5542,46.64458,24.580172,,44503515136,54552481792.0,2.25,84.16667
OXY,,0.16254999,0.13118,0.045939997,,0.002,-0.18,0.25206,0.88,0.0177,0.2301,13.646575,13.930608,,46738866176,81175863296.0,2.57143,62.14333
EW,,0.65859,0.19139,0.106479995,,0.089,7.161,0.29113,,,,28.027027,29.4753,,42813579264,39139983360.0,2.30303,79.50586
COR,,0.00513,2.0911798,0.03096,,0.147,-0.99,0.00851,2.2,0.0098,0.2709,29.84595,13.753718,,43437748224,45365149696.0,,266.34467
KDP,,0.15038,0.09052,0.04185,,0.023,0.216,0.23181999,0.92,0.029000001,0.52709997,19.13253,15.54843,,43080855552,59337969664.0,,37.84737
FIS,,0.14146,0.03034,0.02592,,0.031,,0.2358,1.44,0.018,1.6495,82.567,14.031429,,43116769280,52796801024.0,2.1875,95.48077
KMB,,0.1297,2.30998,0.114630006,,-0.035,0.555,0.15246001,4.88,0.0374,0.62689996,16.920986,17.126593,,43563147264,50088185856.0,,149.83263
NEM,,-0.07141,-0.05159,0.041279998,,0.847,3.039,0.28187,1.0,0.026099999,1.8033,,10.059724,,43682328576,49906343936.0,2.0,54.13294
DFS,,0.27306,0.20263,0.02163,,0.605,0.426,0.34264,2.8,0.0161,0.1911,11.890785,13.655205,,43763744768,35478200320.0,2.5625,177.75
PCG,,0.110640004,0.10674,0.026099999,,0.009,0.685,0.21714,0.1,0.005,0.0313,15.632813,13.437828,,43892133888,102160269312.0,1.89474,23.42941
TEL,,0.20151,0.26461,0.08234999,,0.008,-0.479,0.18091999,2.6,0.0185,0.23979999,13.601547,15.601531,,42074140672,45530161152.0,2.2381,166.96632
MPC,,0.031719998,0.21053,0.05155,,-0.148,-0.774,0.03243,3.64,0.0257,0.256,10.976727,14.298853,,45473329152,76505325568.0,2.21053,168.84212
FAST,,0.15439999,0.32698002,0.2034,,0.035,0.005,0.20317,1.56,0.0219,0.7562,35.37811,32.52423,,40737923072,40972558336.0,3.11765,75.71
AME,,0.19271,0.14886,0.078940004,,0.053,,0.25642002,1.12,0.0063,0.1899,31.067945,24.330845,,41249157120,43410161664.0,1.94118,196.59529
PEG,,0.19482,0.13,0.03243,,0.076,2.852,0.24943,2.4,0.028199999,0.5823,20.90909,21.056433,,42398945280,64261984256.0,2.27273,89.00667
PRU,,0.056199998,0.13773,0.00453,,1.334,,0.028369999,5.2,0.044,0.4586,10.522242,8.025308,,42095960064,50087120896.0,,129.76923
KVUE,,0.06883,0.098809995,0.065,,-0.004,-0.125,0.19850999,0.82,0.0385,1.4636,38.69091,17.52277,,40799293440,48569237504.0,,24.63667
STZ,,0.05687,0.07111,0.08984999,,0.029,,0.37085998,4.04,0.0182,1.2141,70.882164,14.681999,,40415821824,52789956608.0,1.80769,289.204
GLW,,0.01237,0.019299999,0.02754,,0.069,,0.11236,1.12,0.024,5.8946996,245.8421,20.21684,,39993524224,47085510656.0,2.06667,52.92286
LHX,,0.05709,0.06258,0.03553,,0.077,0.04,0.098450005,4.64,0.0224,0.73010004,32.810127,14.561767,,39329558528,51764633600.0,1.75,276.44
GRMN,,0.2548,0.21909,0.10241,,0.241,0.545,0.27583,3.0,0.0147,0.3761,25.958122,26.726334,,39278710784,36997877760.0,,192.265
BKR,,0.082049996,0.14292,0.05432,,0.04,0.51,0.13463001,0.84,0.0202,0.3722,18.636772,16.224678,,41124704256,44650692608.0,1.67857,46.67731
CBRE,,0.02792,0.11434,0.04146,,0.148,0.197,0.043270003,,,,42.038834,21.154766,,39751733248,45899583488.0,1.91667,147.36365
CTVA,,0.04177,0.02704,0.026129998,,-0.102,,-0.19990999,0.68,0.0121,0.6771,58.6875,17.561579,,38722088960,42187087872.0,,66.45455
HES,,0.21183,0.2885,0.115150005,,0.133,-0.012,0.33291,2.0,0.0148,0.21120001,15.764842,17.016945,,41725341696,50014109696.0,2.1875,167.57143
CCI,,0.18626,0.20527,0.03745,,-0.009,0.142,0.36743,6.26,0.0701,2.2199001,31.652483,33.526646,,38792220672,68234235904.0,2.78947,114.94118
DAL,,0.07712,0.4067,0.05271,,0.012,0.145,0.08452,0.6,0.010199999,0.0624,8.192788,7.9701433,,38116749312,59381641216.0,1.3913,75.79182
CTSH,,0.116009995,0.16478,0.097799994,,0.03,0.125,0.15285,1.2,0.015700001,0.2633,16.90487,15.376288,,37885915136,37723930624.0,2.69231,84.77682
F,,0.01931,0.0799,0.00746,,0.055,-0.265,0.02678,0.6,0.0622,0.6818,10.965909,5.3640018,,38351896576,170004889600.0,,11.90625
VRSK,,0.32650003,2.65609,0.16983,,0.07,0.194,0.42975,1.56,0.0057,0.233,42.189816,37.32063,,38605680640,41409974272.0,,287.06668
EA,,0.14118,0.13962,0.07274,,0.058,-0.245,0.21481001,0.76,0.0052,0.19489999,37.410255,17.170301,,38265626624,37921603584.0,2.32,162.13417
ODFL,,0.21027,0.30241,0.1901,,-0.03,-0.071,0.27334,1.04,0.0058999998,0.1713,30.775831,30.182281,,37518004224,37503746048.0,,203.91048
XEL,,0.13667,0.10262,0.02564,,-0.005,0.018,0.25165,2.19,0.0328,0.64169997,19.839764,17.483076,,38393819136,66703802368.0,2.0,72.38588
TRGP,,0.07774,0.33885,0.07811,,-0.012,0.804,0.18905,3.0,0.0164,0.45209998,33.103073,23.369043,,39918612480,56011685888.0,,198.4119
A,,0.21747999,0.24658,0.07579,,-0.056,1.569,0.24968,0.99,0.0074,0.19399999,30.119638,21.797586,,38106939392,39979700224.0,2.26316,149.51875
IT,,0.1733,1.30419,0.094960004,,0.054,1.354,0.16731001,,,,35.72062,36.648117,,37279006720,38511751168.0,,545.012
LVS,,0.1329,0.45166,0.07383,,-0.04,-0.243,0.19202,0.8,0.016,0.396,24.70297,18.162626,,36178796544,46202949632.0,,59.49053
SYY,,0.024360001,0.88346,0.08924,,0.044,,0.04262,2.04,0.0269,0.5193,19.462725,15.327834,,37190717440,49896726528.0,2.15,84.70125
VLO,,0.028670002,0.13797,0.051090002,,-0.152,-0.848,0.01682,4.28,0.0348,0.372,10.831135,13.949269,,38987444224,47356469248.0,2.0,148.28105
OTIS,,0.11481,,0.14079,,0.007,0.473,0.16798,1.56,0.016900001,0.3632,22.945272,21.868704,,36846280704,43689238528.0,2.64706,101.445
LEN,,0.11512,0.15878001,0.087790005,,0.079,0.101,0.13887,2.0,0.0137,0.1398,9.389936,8.343309,,36321013760,36693458944.0,2.33333,165.66667
EXC,,0.106000006,0.0933,0.02596,,0.029,,0.19174999,1.52,0.0404,0.6173,15.497942,14.313296,,37841899520,83341033472.0,2.55,42.72588
IR,,0.11715999,0.08479,0.053400002,,0.07,0.059,0.20698999,0.08,0.00090000004,0.039,44.156097,25.62092,,36480643072,40053784576.0,2.11765,107.53941
YUM,,0.21127,,0.24328,,0.069,-0.075,0.34447,2.68,0.0201,0.48880002,24.91791,21.970646,,37272854528,48785838080.0,2.44828,143.86708
KHC,,0.05243,0.027999999,0.03844,,-0.028,,0.21431999,1.6,0.051999997,1.4414,27.72072,10.008588,,37206163456,56154312704.0,2.36364,37.945
GEHC,,0.08564,0.21853,0.05637,,0.009,0.242,0.16059999,0.14,0.0018000001,0.032899998,21.47397,16.825338,,35809701888,43187703808.0,1.95,96.33474
IQV,,0.09174,0.22001,0.051149998,,0.043,-0.049,0.14836,,,,25.639946,16.349705,,35414278144,47654281216.0,,249.53667
GIS,,0.12136,0.24168,0.07251,,-0.012,-0.096,0.175,2.4,0.0364,0.5643,13.813044,13.832199,,35025215488,49704927232.0,2.66667,71.0195
CCL,,0.063930005,0.20120001,0.04249,,0.152,0.599,0.27609,,,,17.368055,12.33618,,32713080832,61533511680.0,1.7931,29.23682
RMD,,0.23149,0.23565,0.13271,,0.111,0.416,0.3163,2.12,0.0093,0.2613,30.302387,22.189848,,33539948544,33947557888.0,2.23529,256.33307
VMC,,0.114300005,0.11133,0.05888,,-0.083,-0.246,0.21044001,1.84,0.0072000003,0.28280002,39.995308,28.097893,,33750831104,37246894080.0,,293.23865
HSY,,0.16166,0.43405998,0.12749,,-0.014,-0.127,0.22027999,5.48,0.0325,0.6094,19.423475,20.88029,,34155499520,39184732160.0,3.11538,182.1736
ACGL,,0.33859003,0.30441,0.04861,,0.418,0.362,0.24947001,,,,6.132886,10.164616,,34380992512,33371664384.0,1.86667,120.6
IDXX,,0.22530001,0.59424,0.22787,,0.066,0.107,0.37455,,,,39.54062,34.379303,,33478561792,34168188928.0,,478.62308
WAB,,0.10252,0.103690006,0.05445,,0.044,0.226,0.16523,0.8,0.0042,0.1283,31.442595,21.89941,,32482054144,36418396160.0,1.72727,216.012
ROK,,0.11526,0.25539,0.07254,,-0.206,-0.198,0.15529001,5.24,0.0187,0.6039,33.88299,24.56683,,31749840896,35508682752.0,2.39286,296.26923
MLM,,0.3046,0.23437001,0.05549,,-0.053,-0.122,0.2631,3.16,0.0062,0.0934,15.846058,24.244944,,31204456448,35456434176.0,1.90476,644.0362
EXR,,0.24412,0.05568,0.03329,,0.12,-0.051,0.46028,6.48,0.0438,1.728,39.410664,32.15846,,32596707328,44416888832.0,2.63158,172.61111
DD,,0.06553,0.02187,0.0292,,0.044,0.548,0.16604,1.52,0.0202,1.1719,58.929688,17.147938,,31526346752,37977374720.0,2.0,95.875
ETR,,0.1481,0.11951,0.024149999,,-0.057,-0.048,0.33657002,2.4,0.0318,0.5492,18.300972,19.462936,,32332726272,44085682176.0,2.10526,77.24235
DECK,,0.18799,0.4357,0.21596001,,0.201,0.395,0.23266001,,,,36.074074,32.435772,,31074125824,30107066368.0,2.125,198.63142
EFX,,0.100659996,0.11927,0.05224,,0.093,-0.137,0.17138,1.56,0.0062,0.34669998,55.806667,27.69516,,31128066048,36269068288.0,,313.3216
UAL,,0.04936,0.27245,0.041139998,,0.025,-0.152,0.10699,,,,11.374254,7.700147,,31384637440,50579628032.0,1.45833,110.96087
WTW,,-0.07361,-0.08361,0.04843,,0.057,,0.16600999,3.52,0.0114,0.3314,,16.77401,,31151218688,35846365184.0,2.15789,358.75
TTWO,,-0.66375,-0.50913,-0.022750001,,0.041,,-0.19829,,,,,23.259153,,32152037376,35384905728.0,1.61538,196.07
HIG,,0.11612,0.19740999,0.03165,,0.095,0.225,0.14918,2.08,0.0191,0.18879999,10.947791,9.392689,,31609716736,32114714624.0,2.36842,129.0
RJF,,0.16187,0.19348,,,0.132,0.417,0.225,2.0,0.0128999995,0.1856,15.979382,13.626901,,31626973184,21871499264.0,2.4375,155.14285
AVB,,0.35606998,0.08808,0.02874,,0.094,1.161,0.33742002,6.8,0.0313,0.9221,29.654371,39.01295,,30875385856,38820847616.0,2.41667,239.66667
MTB,,0.28109,0.08676,0.01135,,0.012,0.01,0.42766997,5.4,0.0286,0.39200002,13.968912,11.624548,,31312609280,21574641664.0,2.3,225.8158
DXCM,,0.17218,0.32061002,0.06062,,0.02,0.157,0.15289,,,,47.57576,38.761032,,30661707776,30760638464.0,1.6,96.26333
ED,,0.12267999,0.08582,0.03222,,0.057,0.112,0.21237,3.32,0.0373,0.6203,16.734962,15.818837,,30845153280,57041076224.0,2.94737,99.875
EBAY,,0.19677,0.35851002,0.06922,,0.03,-0.477,0.23098,1.08,0.0173,0.26700002,15.685139,11.938015,,29827330048,32795330560.0,,62.29643
HPQ,,0.053319998,,0.07047,,0.024,-0.145,0.07486,1.1,0.028199999,0.3822,11.5551605,8.648473,,30450302976,45612367872.0,,36.245
IRM,,0.01748,0.54398996,0.04216,,0.122,,0.19572,2.86,0.0273,7.4028,290.94443,53.37206,,30737000448,46931673088.0,,122.375
EIX,,0.07632,0.07411,0.0298,,0.106,2.3,0.21169001,3.31,0.0414,0.91230005,23.394737,14.041843,,30975873024,71463895040.0,2.04762,89.16579
LYV,,0.0201,0.35808998,0.03192,,-0.062,-0.139,0.08307,,,,145.20224,45.04608,,29800308736,34164932608.0,1.63636,143.2481
VICI,,0.73902,0.111899994,0.05209,,0.067,0.275,0.98638,1.73,0.059699997,0.6213,10.737037,10.561021,,30560387072,48266969088.0,1.6087,35.85227
CNC,,0.02098,0.11559,0.03506,,0.061,0.565,0.0296,,,,10.450777,8.262646,,30549379072,30687381504.0,2.05263,79.39235
WEC,,0.15143,0.105220005,0.030380001,,-0.048,-0.241,0.2132,3.57,0.038,0.8032,22.980438,17.973072,,29734111232,49030754304.0,2.57895,101.475
MCHP,,0.14220001,0.118030004,0.044099998,,-0.484,-0.884,0.12726,1.82,0.032,1.2465,39.5,22.964653,,30545129472,36716642304.0,1.76,82.89167
HUM,,0.011820001,0.078379996,0.040149998,,0.113,-0.407,0.02664,3.54,0.0139999995,0.3089,22.027025,14.566611,,30421837824,19709925376.0,2.38462,294.09546
ANSS,,0.23008,0.10479999,0.06086,,0.312,1.284,0.26838,,,,51.781204,30.089067,,29388447744,28960937984.0,2.91667,349.7143
BRO,,0.23066,0.18144,0.052020002,,0.099,0.311,0.28312,0.6,0.006,0.1417,27.395096,24.515135,,28750219264,31616256000.0,2.35714,115.27833
CSGP,,0.06577,0.02386,0.0023700001,,0.109,-0.409,0.03422,,,,168.64287,62.57675,,29037467648,25205733376.0,1.92857,90.38462
MPWR,,0.21292,0.20214,0.11712,,0.306,0.19,0.26451,5.0,0.0084,0.5355,67.14349,35.923176,,28986050560,27539996672.0,,809.7286
GDDY,,0.41335,,0.07535,,0.073,0.483,0.22159,,,,15.976707,25.072163,,27925176320,31022751744.0,,195.62766
TSCO,,0.07534,0.5058,0.097729996,,0.016,-0.039,0.09359,0.88,0.0168,0.42119998,25.427185,23.761244,,27981135872,10743614464.0,2.32353,58.37931
STT,,0.16847,0.0855,0.00679,,0.201,0.808,0.30343,3.04,0.031,0.4436,15.352664,10.355655,,28714139648,-36588908544.0,2.5,103.73333
CAH,,0.0057,,0.03175,,-0.043,,0.01054,2.02,0.0171,0.387,22.696154,13.587647,,28562020352,30860079104.0,2.35294,129.74068
GPN,,0.13612,0.06064,0.03162,,0.051,-0.109,0.2663,1.0,0.0089,0.1887,21.113207,8.736339,,28477990912,43935182848.0,2.02778,132.84666
FITB,,0.27583,0.119160004,0.01041,,-0.03,-0.143,0.36917,1.48,0.035099998,0.4733,14.056666,11.629734,,27995901952,45628813312.0,2.27273,50.175
XYL,,0.098529994,0.08081,0.04429,,0.013,0.413,0.13498001,1.44,0.0124,0.4052,33.318966,24.45439,,28169472000,29290438656.0,2.0,147.71294
HPE,,0.06392,0.086660005,0.02484,,0.101,0.086,0.07808,0.52,0.024,0.2694,11.124352,9.399311,,28240136192,36950175744.0,,24.30882
KEYS,,0.18249,0.18031,0.0644,,-0.119,0.379,0.17091,,,,45.82336,19.925816,,27853144064,26805149696.0,,180.42667
DOW,,0.02464,0.05863,0.02254,,0.014,-0.286,0.04146,2.8,0.0708,1.8666999,26.366667,12.3327055,,27688638464,42845626368.0,2.57143,51.94444
EQR,,0.3157,0.08361,0.0273,,0.034,-0.17,0.29834,2.7,0.0385,1.1343,29.565403,42.33274,,27403886592,35793039360.0,2.42308,79.34091
ON,,0.23795,0.2183,0.09557,,-0.192,-0.281,0.26931,,,,15.3126545,14.38361,,26275932160,27171659776.0,,85.87034
PPG,,0.08242,0.19149,0.06677,,-0.015,0.117,0.13311,2.66,0.023,0.4168,18.291601,13.153231,,26777440256,32907440128.0,,145.39651
K,,0.07852,0.26036,0.06087,,-0.007,0.348,0.15002,2.28,0.028099999,0.7525,27.110367,20.66418,,27941218304,33996212224.0,,81.015
SW,,0.01345,,,,1.632,,0.04302,1.88,0.035099998,2.1855001,74.44444,14.490755,,27880359936,41778151424.0,,59.875
NUE,,0.080520004,0.13221,0.066139996,,-0.152,-0.77,0.06895,2.2,0.019199999,0.2079,11.018287,13.47859,,26881392640,30198884352.0,2.2,162.96417
EL,,0.01314,0.03857,0.04572,,-0.045,,0.038680002,1.4,0.0189,4.7143,132.10715,26.99409,,26557192192,34217193472.0,2.80645,82.86429
BR,,0.10572,0.31812,0.082679994,,-0.006,-0.105,0.09453,3.52,0.0155,0.5675,39.243942,24.195072,,26513932288,30023315456.0,2.77778,226.51625
WBD,,-0.28342,-0.27295,-0.00148,,-0.036,,0.05217,,,,,15.630269,,26150791168,64079740928.0,2.21429,12.6168
TPL,,0.65343004,0.445,0.29434,,0.099,0.011,0.73363,6.4,0.0054,0.2355,60.61017,16.138948,,27112218624,26579275776.0,,
CHD,,0.09083,0.13338,0.08087,,0.038,,0.17582001,1.14,0.0109,0.5039,46.56502,27.840185,,25440591872,27101343744.0,2.61538,105.96174
MTD,,0.21148,,0.20142001,,0.013,0.081,0.29361,,,,32.896255,28.508064,,25761755136,27767625728.0,2.92857,1340.4292
DOV,,0.18378,0.2911,0.07851,,0.013,0.219,0.17549999,2.06,0.0111,0.1857,16.861034,19.763947,,25468321792,28468666368.0,1.83333,217.19556
TYL,,0.113929994,0.077259995,0.03581,,0.098,0.582,0.15244001,,,,105.250916,53.299706,,24595070976,24692611072.0,1.78947,669.5061
FTV,,0.14355,0.08615,0.044299997,,0.027,0.033,0.19379999,0.32,0.0043,0.128,29.764002,17.877308,,25816475648,29052694528.0,2.09524,87.95526
TROW,,0.30354,0.20495,0.101339996,,0.069,0.34,0.33613,4.96,0.0437,0.5411,12.423877,11.862022,,25199497216,23357048832.0,3.4,115.78571
VLTO,,0.15693,0.5368,0.12967,,0.047,0.06,0.23211999,0.44,0.0044,0.111099996,31.046295,26.873302,,24876709888,26428688384.0,2.1875,115.47467
EQT,,0.06797,0.018229999,0.01047,,0.195,,-0.22052,0.63,0.013300001,0.84,63.13333,16.88912,,28252987392,42111115264.0,2.25,47.3764
SYF,,0.35139,0.21279,0.02726,,0.116,0.311,0.46368998,1.0,0.0153,0.1299,8.474026,9.675109,,25404696576,24324720640.0,1.86364,71.96333
NVR,,0.15898,0.38716,0.19962,,0.06,0.042,0.19681999,,,,16.36669,15.150171,,24480065536,23053834240.0,,9431.667
DTE,,0.12332,0.13638,0.02964,,0.006,0.425,0.17791,4.36,0.036,0.5528,16.38295,16.802488,,25073717248,47841669120.0,2.05,136.89125
VTR,,-0.01386,-0.00543,0.017549999,,0.08,,0.15880999,1.8,0.0311,90.0,,125.99999,,24314857472,37484466176.0,1.8,71.26316
AWK,,0.21771999,0.097040005,0.0334,,0.134,0.084,0.41572,3.06,0.0247,0.5843,24.575397,21.671463,,24139571200,37366558720.0,2.86667,140.69167
ADM,,0.0293,0.1075,0.03415,,-0.117,-0.424,0.0222,2.0,0.0379,0.5478,14.106742,9.857844,,24031979520,36627865600.0,,56.36364
NTAP,,0.17014,1.2042199,0.09156,,0.076,0.696,0.19468,2.08,0.0164,0.3953,21.348066,14.74948,,23567230976,25565870080.0,,138.88235
WST,,0.17368999,0.17778,0.09995,,-0.001,-0.136,0.22319001,0.84,0.0026,0.1187,48.79495,43.795555,,23782793216,23599775744.0,1.72727,378.16666
CPAY,,0.26142,0.32836,0.06545,,0.06,0.071,0.45485002,,,,24.263382,15.33695,,23696859136,30297989120.0,,396.88126
PPL,,0.09949,0.05864,0.0304,,0.011,-0.069,0.22167999,1.03,0.032,0.91220003,28.990992,17.628048,,23747874816,39767875584.0,1.83333,35.24882
LYB,,0.052729998,0.1586,0.0506,,-0.029,-0.236,0.0777,5.36,0.0736,0.786,11.044005,9.096124,,23635814400,33886801920.0,,93.86238
AEE,,0.16053,0.09838,0.02856,,0.056,-0.091,0.31766,2.68,0.0301,0.62119997,20.938824,18.032494,,23753922560,42164903936.0,2.29412,90.94133
EXPE,,0.07966,0.38564998,0.041589998,,0.033,0.756,0.21181999,,,,24.10013,13.090487,,23786364928,26666450944.0,2.43243,187.82706
HBAN,,0.24709,0.08545,0.00865,,-0.012,-0.057,0.37835,0.62,0.0382,0.6019,15.766991,12.070042,,23593633792,29198657536.0,2.2381,18.53737
CDW,,0.05327,0.53360003,0.079,,-0.02,0.009,0.0877,2.5,0.0147,0.3032,20.786062,16.72852,,22658877440,28046888960.0,,223.76833
FE,,0.06729,0.083050005,0.02707,,0.069,0.049,0.22151,1.7,0.042600002,1.0774,25.748388,13.834678,,23000811520,47531810816.0,2.27778,47.0625
HUBB,,0.1333,0.25344,0.10549,,0.049,0.095,0.21149,5.28,0.0126,0.3513,30.215109,23.614115,,22541072384,24200994816.0,2.28571,470.9391
HAL,,0.11038999,0.26293,0.10176,,-0.018,-0.18,0.17114,0.68,0.024500001,0.2343,9.695805,8.958367,,24360859648,30933860352.0,1.66667,37.12759
ROL,,0.14182,0.38792,0.14863,,0.09,0.077,0.20932,0.66,0.0143,0.6186,47.463917,40.985653,,22297401344,45338980352.0,,48.29364
PHM,,0.16635,0.26705,0.14166,,0.118,0.156,0.19971001,0.88,0.0082,0.059,7.943911,7.815779,,22075025408,22919424000.0,,147.5
CINF,,0.25257,0.25135002,0.07219,,0.833,,0.31717,3.24,0.0227,0.1634,7.321686,19.38709,,22271762432,21393776640.0,,156.33333
PTC,,0.16373,0.12775,0.058229998,,0.146,1.728,0.30982,,,,58.84566,26.495195,,22026350592,23646398464.0,1.8,211.6665
WRB,,0.11956,0.20537001,0.03595,,0.122,0.11,0.15609999,0.32,0.0055,0.0787,14.874358,13.371135,,22105810944,22786983936.0,,64.13333
DRI,,0.091120005,0.48619,0.07408,,0.01,0.087,0.098009996,5.6,0.035,0.6148,21.315428,17.50809,,21914925056,25586800640.0,2.09375,193.78464
FOXA,,0.13399,0.17711,0.07429,,0.111,1.171,0.2674,0.54,0.011,0.1296,11.977995,12.898827,,21727653888,26761504768.0,2.28571,48.16421
FOX,,0.13399,0.17711,0.07429,,0.111,1.171,0.2674,0.54,0.0117,0.1296,11.305623,19.676598,,21727668224,25505480704.0,,
IFF,,-0.20331,-0.1453,0.01613,,0.037,1.346,0.08547,1.6,0.019299999,54.0,,17.706337,,21244616704,30504644608.0,1.95455,106.81476
SBAC,,0.25759,,0.08582,,-0.022,2.0,0.57702,3.92,0.0196,0.5978,31.658768,21.357021,,21547608064,35931627520.0,2.0625,256.875
WAT,,0.21431999,0.4964,0.11332,,0.04,0.194,0.28697002,,,,35.07238,28.594568,,21865879552,23465709568.0,2.80952,382.96332
ERIE,,0.1516,0.31418,0.15749,,0.164,0.22,0.18504,5.46,0.013300001,0.47709998,38.30683,28.636364,,21412714496,21174364160.0,,
TDY,,0.16876,0.103140004,0.04504,,0.029,0.335,0.18947001,,,,23.201115,21.17999,,21343387648,23585597440.0,,537.9446
ATO,,0.2509,0.090179995,0.03579,,0.059,0.148,0.32149,3.48,0.023699999,0.4714,20.247437,17.918968,,21493307392,29742475264.0,2.15385,146.04546
RF,,0.26693,0.10042,0.01125,,0.156,,0.46976003,1.0,0.043,0.548,13.141243,10.335802,,21140176896,,2.20833,27.89682
BIIB,,0.16812,0.1047,0.0499,,-0.025,,0.2074,,,,13.5623865,9.038268,,21857851392,26809600000.0,2.05882,237.69643
ZBH,,0.14265001,0.08713,0.0461,,0.04,0.597,0.17997,0.96,0.0092,0.1832,19.935116,12.20782,,20795269120,26873440256.0,2.55172,123.88
CNP,,0.11246,0.09573,0.027520001,,-0.002,-0.255,0.22575001,0.88,0.0279,0.53330004,20.993334,18.03334,,20522883072,39737892864.0,2.52632,32.23
MKC,,0.11868,0.15067,0.05164,,-0.003,0.317,0.17282,1.8,0.023699999,0.56119996,25.809523,24.245987,,20362473472,24815632384.0,,84.90688
ES,,-0.047259998,-0.03491,0.02987,,0.097,,0.21024,2.86,0.0499,0.7972,,11.974498,,21009489920,49607847936.0,2.2381,70.95722
WDC,,0.02648,0.033239998,0.04044,,,,0.15403,,,,67.989006,6.884649,,21388953600,,1.84615,88.8
TSN,,0.01501,0.044710003,0.030250002,,0.016,,0.03944,2.0,0.0344,0.8667,25.844444,13.84135,,20711460864,28885497856.0,2.69231,66.51
TER,,0.18745,0.19206,0.091759995,,0.048,0.141,0.21449,0.48,0.0038,0.1497,40.30573,29.817902,,20611686400,20139542528.0,,135.90167
STE,,0.08164,0.092700005,0.05447,,0.073,0.305,0.16981001,2.28,0.0113,0.35799998,34.026894,20.373335,,19984279552,22228879360.0,2.11111,249.5125
PKG,,0.09458,0.18972,0.08214,,0.127,0.3,0.15579,5.0,0.0222,0.5828,26.251749,19.897528,,20227655680,22066982912.0,,231.07
CLX,,0.0478,2.08451,0.12546,,0.271,3.704,0.17367001,4.88,0.030199999,1.6736,56.19097,22.211975,,20031479808,22801530880.0,3.14286,164.46211
NTRS,,0.21493,0.13732,0.01118,,0.145,0.49,0.30661,3.0,0.0291,0.3736,12.825654,13.181657,,20414472192,29080721408.0,3.0,108.39286
ZBRA,,0.082040004,0.11873999,0.05234,,0.313,,0.15618,,,,52.070557,23.91672,,19794341888,21489350656.0,,416.07
DVN,,0.23429,0.26279,0.10674,,-0.102,-0.085,0.32062,1.45,0.0434,0.3704,6.1851854,7.153796,,21940459520,30765459456.0,2.03226,49.93931
CBOE,,0.19729,0.19518,0.08826999,,0.162,0.062,0.29118,2.52,0.0128,0.31059998,26.726532,21.499493,,20564518912,21372180480.0,2.70588,217.93333
WY,,0.07427,0.052989997,0.02674,,-0.169,-0.882,0.053540003,0.8,0.0286,1.0822,38.342464,32.138058,,20337031168,24556029952.0,2.0,36.18182
LUV,,-0.0017499999,-0.00447,0.00458,,0.053,-0.644,0.0027700001,0.72,0.0216,5.5385,,20.427652,,20013223936,19726231552.0,3.04348,31.82952
ULTA,,0.10684,0.54978,0.17914,,0.009,-0.12,0.12899,,,,17.180145,18.41558,,19901222912,20024999936.0,2.45161,438.31232
CMS,,0.14005,0.11501,0.030450001,,0.042,0.405,0.23465,2.06,0.031,0.5799,18.954416,18.560883,,19878164480,36387155968.0,2.2,71.56167
INVH,,0.17238002,0.04369,0.02244,,0.058,-0.286,0.26127002,1.16,0.0369,1.9167,43.652775,42.657436,,19254206464,27276365824.0,2.20833,37.5
FSLR,,0.32412997,0.17964001,0.078990005,,0.108,0.164,0.36275002,,,,16.047333,8.82205,,19963105280,19387377664.0,1.725,268.71817
BF-B,,0.24150999,0.29046,0.08517,,-0.084,-0.146,0.29863,0.91,0.0221,0.4149,17.537737,19.617878,,17510961152,22131085312.0,3.0,47.77778
LDOS,,0.07366,0.27035,0.08445,,0.069,,0.12291,1.6,0.0112,0.1729,16.321186,13.535608,,19120949248,23124965376.0,1.8125,192.16714
CFG,,0.18229,0.05426,0.00583,,-0.061,-0.094,0.27183,1.68,0.0385,0.65879995,17.09804,11.301368,,19214563328,24148543488.0,,50.95263
LH,,0.03426,0.05432,0.03964,,0.074,-0.052,0.08291,2.88,0.0126,0.5465,43.299812,14.273749,,19085651968,25359742976.0,,262.875
VRSN,,0.55686,,0.4159,,0.038,0.131,0.68945,,,,23.932323,23.74593,,19710109696,20867309568.0,,212.7775
IP,,0.02253,0.04797,0.02327,,0.016,-0.111,0.05356,1.85,0.0348,1.5812,45.435898,17.814714,,18468208640,23324223488.0,2.36364,56.02
ESS,,0.31354,0.10176,0.02683,,0.076,0.353,0.30375,9.8,0.035099998,1.1285,32.692394,45.785946,,18616002560,24539600896.0,2.81481,309.45834
PODD,,0.21215999,0.48786,0.07566,,0.257,0.46,0.16198,,,,43.681973,65.338776,,18016692224,18555285504.0,1.56522,286.99045
COO,,0.09445,0.0465,0.03393,,0.078,0.209,0.19195999,0.02,0.0002,,46.255104,20.434566,,18094196736,23358732288.0,,112.008
SMCI,,0.08085,0.32469,0.11618,,1.43,0.61,0.06469,,,,14.950249,8.14511,,17596227584,18140286976.0,2.81818,41.92818
STX,,0.11342,,0.07903,,0.491,,0.18635,2.88,0.033299997,0.7235,22.322998,9.319953,,18274076672,22710034432.0,,117.8405
MAA,,0.23878999,0.08611,0.036259998,,0.017,0.039,0.29549,6.06,0.0397,1.3086,34.34009,27.455599,,18289690624,22855856128.0,2.4,165.46
FDS,,0.24381,0.30411,0.11006,,0.049,0.382,0.23386,4.16,0.0088,0.2904,34.133953,25.627539,,18102042624,19052716032.0,3.28571,471.63235
NRG,,0.03428,0.31931,0.01903,,-0.091,,-0.14025,1.63,0.0176,0.396,22.95792,12.786049,,18787995648,29244030976.0,2.41667,98.643
BBY,,0.02962,0.4241,0.07219,,-0.031,0.072,0.04048,3.76,0.0404,0.6425,14.7551365,12.98578,,18422800384,22488889344.0,2.4,98.50304
SNA,,0.20402001,0.20599002,0.114029996,,-0.005,0.042,0.26527,8.56,0.0255,0.3825,17.238167,16.667528,,17589856256,17589055488.0,,330.875
L,,0.09714,0.10669,0.02079,,0.138,0.625,0.15069,0.25,0.003,0.0332,11.19149,29.020689,,18227120128,22435090432.0,,
PFG,,-0.01465,-0.01274,-0.00055,,-0.345,,-0.079629995,2.92,0.0377,0.5171,,9.215048,,17701105664,15171394560.0,3.16667,88.66667
STLD,,0.09799,0.19703,0.09089,,-0.054,-0.409,0.091079995,1.84,0.0164,0.16229999,10.074708,11.322553,,17040782336,19061911552.0,2.71429,138.32692
TRMB,,0.40668,0.28913,0.03211,,-0.085,-0.467,0.13668,,,,11.65719,23.94652,,17023739904,17995876352.0,1.58333,86.272
OMC,,0.094519995,0.33923998,0.05077,,0.085,0.048,0.15456,2.8,0.0324,0.3825,11.8087435,9.928146,,16977768448,22143746048.0,1.91667,116.01909
CTRA,,0.22549999,0.095979996,0.05093,,-0.05,-0.19,0.26087,0.84,0.0321,0.503,15.842424,9.043699,,19250671616,20782063616.0,1.68,33.0268
HRL,,0.065170005,0.10005,0.05164,,-0.022,0.075,0.08943,1.16,0.0365,0.785,21.442177,17.41937,,17304889344,19756959744.0,,32.032
ARE,,0.09618,0.02132,0.01397,,0.109,6.484,0.27855,5.28,0.0542,3.1341,59.45122,37.67446,,17039295488,34302472192.0,2.46154,119.69231
BLDR,,0.07401,0.27435,0.10295,,-0.067,-0.32,0.10113,,,,13.865234,12.071456,,16339768320,20348997632.0,1.58824,211.0
JBHT,,0.046469998,0.14192,0.06194,,-0.03,-0.172,0.07304,1.72,0.01,0.3109,31.127272,23.874136,,17262096384,19044388864.0,,192.09091
GEN,,0.16153,0.2766,0.06242,,0.031,0.132,0.41581002,0.5,0.0182,0.5051,27.757574,11.213397,,16935814144,24784312320.0,,31.232
DGX,,0.08816,0.13224,0.056550004,,0.084,0.015,0.14187999,3.0,0.0199,0.3978,20.290323,15.516482,,16849400832,23167428608.0,2.05556,169.96
KEY,,0.0305,0.0096700005,0.00077,,-0.602,,-0.86054003,0.82,0.048299998,1.0789,inf,10.927626,,16831984640,35703984128.0,2.26316,21.36471
NI,,0.14631,0.08756,0.029679999,,0.048,0.097,0.19688,1.06,0.0292,0.6372,22.170732,19.594423,,16972085248,32444182528.0,1.46667,38.11538
MOH,,0.030469999,0.26454002,0.06901,,0.174,0.342,0.0475,,,,14.617811,10.957771,,16430127104,9745128448.0,2.35714,360.76923
PNR,,0.16290002,0.20408002,0.08383001,,-0.015,0.063,0.21039,1.0,0.01,0.2275,25.1,20.709528,,16589193216,18112608256.0,1.95238,111.3285
J,,0.03717,0.093260005,0.049829997,,0.011,-0.092,0.07455,1.16,0.0083,0.2165,27.75783,19.4026,,16489300992,20560537600.0,2.16667,152.79787
DG,,0.03568,0.20882,0.042519998,,0.042,-0.202,0.05386,2.36,0.0297,0.367,12.480198,12.668787,,16633003008,34474561536.0,,90.11929
BALL,,0.30424,0.14048,0.046669997,,-0.009,0.008,0.11843,0.8,0.0147,0.33330002,22.683332,15.398845,,16246309888,21006309376.0,,70.25467
NWS,,0.034930002,0.04916,0.03061,,0.031,3.181,0.088470004,0.2,0.0066000004,0.32259998,48.98387,28.923811,,16145876992,20456732672.0,1.75,24.5
NWSA,,0.034930002,0.04916,0.03061,,0.031,3.181,0.088470004,0.2,0.0073,0.32259998,44.29032,26.152382,,16145874944,18801881088.0,1.75,35.455
UDR,,0.07606,0.02841,0.01635,,0.006,-0.377,0.16603,1.7,0.04,3.3421,111.92105,85.06,,15976819712,21217298432.0,2.34783,46.88636
HOLX,,0.17592,0.13846,0.06446,,0.045,1.116,0.24355,,,,21.608433,15.209818,,16280745984,17917896704.0,2.33333,85.55941
JBL,,0.048060004,0.60295,0.04918,,-0.177,0.016,0.05327,0.32,0.0022,0.030199999,13.5,14.110973,,15953111040,17597437952.0,1.88889,165.1375
GPC,,0.046690002,0.24416,0.056009997,,0.025,-0.349,0.063319996,4.0,0.0345,0.509,14.956184,13.491913,,16136517632,21062352896.0,,131.90909
IEX,,0.1535,0.13592,0.06906,,0.006,-0.429,0.22375,2.76,0.0134000005,0.4124,31.947287,24.047483,,15603542016,17072045056.0,2.07143,234.53847
MAS,,0.10543,5.70874,0.15691,,0.002,-0.3,0.18003,1.16,0.0162,0.30719998,19.047873,16.226309,,15451942912,18213935104.0,2.52174,86.27944
KIM,,0.1958,0.03829,0.02132,,0.138,0.054,0.33708,1.0,0.0435,1.7778,42.537033,30.996977,,15483640832,23360997376.0,2.34783,26.05
ALGN,,0.111490004,0.11401,0.06696,,0.018,-0.019,0.16604,,,,35.5785,20.28095,,15564426240,14650084352.0,2.05882,263.80713
DLTR,,-0.0344,-0.12983,0.04566,,0.007,-0.323,0.027520001,,,,,12.602944,,16444033024,25809928192.0,2.51724,84.1336
EXPD,,0.073860005,0.30290002,0.12048,,0.37,0.405,0.1005,1.46,0.013300001,0.2768,21.446392,20.31621,,15400159232,14652268544.0,,116.46667
EG,,0.16853,0.20858,0.03416,,0.128,-0.245,0.16320999,8.0,0.022,0.117,5.6690593,5.4573016,,15615414272,13472409600.0,2.36364,425.75
MRNA,,-0.43771,-0.17524,-0.09549,,0.017,,-0.03759,,,,,-4.8327913,,16162355200,10650348544.0,,74.18727
LNT,,0.16667,0.096540004,0.02552,,0.004,0.127,0.45051,1.92,0.0328,0.7364,22.766537,18.179106,,15013607424,24865619968.0,2.42857,62.4025
AVY,,0.077649996,0.30241,0.08507,,0.041,0.316,0.12810001,3.52,0.019199999,0.4058,22.032452,17.334623,,14728298496,17636601856.0,2.14286,230.35077
BAX,,0.00717,0.01627,0.03159,,0.038,-0.945,0.08929,0.68,0.0232,4.64,117.04,11.792396,,14939804672,26783793152.0,2.75,40.47714
TPR,,0.12116,0.29924,0.076,,-0.004,-0.06,0.18932,1.4,0.021300001,0.4058,19.023188,13.008611,,15294151680,16794436608.0,,65.04421
VTRS,,-0.0587,-0.043449998,0.024820002,,-0.048,-0.706,0.13884,0.48,0.038599998,9.6,,4.668085,,14824387584,28791123968.0,,13.45
CF,,0.19455,0.1792,0.07842,,0.076,0.82,0.26496,2.0,0.0233,0.30110002,13.60222,14.791901,,14936136704,18852130816.0,2.57143,88.98667
FFIV,,0.20126,0.19117,0.0777,,0.056,0.102,0.25844,,,,26.38889,16.34942,,14756300800,13766347776.0,3.0,241.19167
DPZ,,0.122609995,,0.31768,,0.031,0.301,0.18064,6.04,0.0139,0.35279998,26.732021,24.651773,,15019002880,20830017536.0,1.85294,480.6487
AKAM,,0.13266,0.11541,0.041890003,,0.041,-0.635,0.15695,,,,28.230768,14.060184,,14334660608,17285699584.0,1.76,113.74435
RL,,0.10145,0.28424,0.0774,,0.057,0.055,0.11431,3.3,0.0143,0.3003,22.074356,17.499046,,14379482112,15357692928.0,2.0,234.97221
TXT,,0.06301,0.12597999,0.04792,,0.025,-0.126,0.07937,0.08,0.0011,0.0175,16.584244,11.562801,,14059954176,16728923136.0,2.23529,97.16062
SWKS,,0.17848,0.12777,0.06361,,-0.159,-0.758,0.18763,2.8,0.0335,0.7425,23.970188,11.4944315,,14145011712,12786863104.0,2.62069,94.77905
EVRG,,0.14769,0.08733,0.027880002,,0.085,0.322,0.34443,2.67,0.0433,0.6946,16.659458,15.247312,,14175720448,27995930624.0,2.07143,65.40667
EPAM,,0.09679,0.13094,0.08329,,0.013,0.436,0.15467,,,,29.76104,20.24176,,12998276096,11105597440.0,,258.7381
DOC,,0.12109999,0.04085,0.01592,,0.259,0.046,0.16525999,1.2,0.059499998,2.449,41.142857,54.486485,,14100770816,23475650560.0,1.85,25.32353
APTV,,0.122889996,0.24212,0.05353,,-0.051,-0.743,0.11022,,,,6.7149224,8.620862,,14172670976,22730655744.0,2.0,75.38364
RVTY,,0.093439996,0.03308,0.01717,,0.02,9.234,0.14819999,0.28,0.0025,0.134,53.58852,21.975262,,13630623744,15716004864.0,1.85,137.96889
AMCR,,0.056750003,0.1958,0.049450003,,-0.026,0.257,0.105579995,0.51,0.0545,0.9398,17.641512,11.74756,,13513929728,20997609472.0,2.55556,11.05111
REG,,0.27096,0.0583,0.02743,,0.089,0.08,0.36887002,2.82,0.039100002,1.2642,34.06132,34.98784,,13185690624,17994639360.0,1.8,79.21053
POOL,,0.084189996,0.31463,0.11703,,-0.028,-0.068,0.12307999,4.8,0.014400001,0.3948,28.572533,27.667116,,12667534336,13813633024.0,,382.4
INCY,,0.00797,0.00802,-0.00124,,0.238,-0.289,0.14961,,,,772.5555,11.480682,,13394954240,11656791040.0,,79.38
BXP,,0.10857,0.058280002,0.02448,,0.037,,0.29790002,3.92,0.053200003,1.7042999,32.043476,39.676983,,12998763520,29732825088.0,2.40909,83.52632
KMX,,0.01508,0.06853,0.01539,,-0.002,0.135,0.02696,,,,27.62585,20.966764,,12500408320,31532607488.0,2.36842,89.33125
CAG,,0.041389998,0.05605,0.0531,,-0.038,0.451,0.14738,1.4,0.0512,1.3725,26.864079,10.699095,,13207444480,21706461184.0,2.77778,29.59056
HST,,0.12898,0.105229996,0.037639998,,0.092,-0.252,0.08176,0.8,0.0465,0.77669996,16.69903,18.659348,,12186699776,17269303296.0,1.8,20.55263
JKHY,,0.17785999,0.22278,0.11213,,0.052,0.173,0.25171,2.2,0.0127,0.3967,31.621574,27.500341,,12619769856,12774464512.0,,192.92857
SWK,,-0.0133299995,-0.02031,0.02991,,-0.051,19.0,0.074990004,3.28,0.041100003,3.0,,14.43704,,12314619904,19021809664.0,2.73684,104.02467
DVA,,0.06534,0.44884,0.06944,,0.046,-0.046,0.16275999,,,,16.161812,13.15525,,12288836608,25224689664.0,3.0,156.92667
CPB,,0.05884,0.15203,0.06407,,0.109,,0.119490005,1.48,0.0325,0.78309995,22.967213,12.597146,,12529520640,21008762880.0,2.66667,49.1055
CHRW,,0.01956,0.22818,0.07148,,0.07,0.176,0.03973,2.48,0.0241,0.8478,35.56401,20.859463,,12149109760,13934334976.0,2.57692,113.98652
JNPR,,0.0497,0.055760004,0.02182,,-0.048,0.175,0.08452,0.88,0.0233,1.1579,49.710526,18.737663,,12508541952,13092544512.0,,39.7
CPT,,0.2216,0.07229,0.021459999,,-0.005,,0.18878001,4.12,0.0359,1.2902,36.176655,64.17639,,12234177536,15730293760.0,2.48,127.17391
TAP,,0.08028,0.071669996,0.040700004,,-0.078,-0.515,0.16124001,1.76,0.0308,0.38959998,12.882883,9.580502,,11783314432,17610852352.0,,63.16455
NDSN,,0.17746,0.17406,0.09146,,0.02,-0.081,0.25397,3.12,0.0125,0.3477,25.24261,18.728231,,11686569984,15717453824.0,,257.2857
PAYC,,0.25779,0.32584998,0.10079,,0.112,0.008,0.23206,1.5,0.0074,0.18049999,24.206732,23.062372,,11613126656,11010519040.0,,222.74933
UHS,,0.06655,0.16341,0.06822,,0.112,0.583,0.09694,0.8,0.0045,0.0533,11.96205,9.89297,,11852039168,16933839872.0,2.16667,238.21
NCLH,,0.0587,0.69788,0.04403,,0.107,0.34,0.24628,,,,22.736843,12.316757,,11397231616,25150349312.0,,30.603
DAY,,0.03122,0.02194,0.00778,,0.166,,0.06205,,,,209.97058,32.053555,,11258203136,12001302528.0,,84.06222
SJM,,0.08771,0.10090999,0.05377,,0.177,-0.026,0.16912001,4.32,0.038,0.5989,22.544535,10.568569,,11851550720,20708575232.0,2.61111,126.49312
TECH,,0.12864,0.07287,0.0555,,0.045,-0.323,0.18145001,0.32,0.0045,0.3368,75.24211,32.546387,,11357600768,11568963584.0,1.6,85.26308
SOLV,,0.08764,0.09747,0.0575,,0.004,-0.737,0.13064,,,,173.5,12.011295,,11389868032,18726676480.0,,73.765
ALLE,,0.15359999,0.40822,0.10704,,0.054,0.124,0.22242,1.92,0.0149,0.2908,19.813559,16.502125,,11178237952,12857935872.0,2.81818,147.222
BG,,0.02112,0.10922,0.04978,,-0.093,-0.368,0.03076,2.72,0.035099998,0.3403,9.831432,8.537837,,10830867456,15917874176.0,2.0,105.034
AIZ,,0.06307,0.15215,0.01873,,0.07,-0.28,0.059710003,3.2,0.0150999995,0.2057,15.100715,11.648204,,10842669056,10786763776.0,,233.2
IPG,,0.086540006,0.21792999,0.05392,,-0.029,-0.921,0.16194999,1.32,0.0469,0.6132,13.268868,10.204859,,10478846976,13333667840.0,2.63636,33.273
BEN,,0.054819997,0.04321,0.02464,,0.113,,0.13069999,1.28,0.0636,1.4588001,23.694117,7.722777,,10553017344,13039266816.0,3.57143,20.39286
EMN,,0.09471,0.15925,0.049990002,,0.087,0.027,0.14976,3.32,0.0375,0.4343,11.865952,10.15445,,10260618240,14906086400.0,,116.31579
ALB,,-0.28798,-0.17662,-0.051760003,,-0.414,,-0.20657,1.62,0.019,0.5797,,41.81221,,10017934336,14545390592.0,,117.71538
MGM,,0.052410003,0.2901,0.02535,,0.053,0.326,0.079679996,,,,12.064516,13.921286,,10021927936,40115068928.0,,50.04136
AOS,,0.14413,0.29544002,0.14337,,-0.037,-0.089,0.17793,1.36,0.0202,0.3377,17.765173,16.604275,,9762513920,9650144256.0,,81.389
WYNN,,0.1337,,0.05278,,0.013,,0.09162,1.0,0.0119,0.12,10.060024,17.04118,,9202497536,19336179712.0,,115.73333
PNW,,0.122609995,0.09578,0.025829999,,0.08,-0.037,0.31613,3.58,0.0425,0.6617,15.847743,18.349243,,9586046976,20962306048.0,2.11765,93.26667
ENPH,,0.04912,0.06312,0.00565,,-0.309,-0.587,0.1325,,,,155.13043,18.520489,,9641236480,9206827008.0,,95.61778
LKQ,,0.049039997,0.117740005,0.05435,,0.004,-0.059,0.09235,1.2,0.033099998,0.4428,13.372694,9.920478,,9420950528,14857947136.0,,52.14444
FRT,,0.24791001,0.09324,0.03082,,0.058,0.037,0.35044998,4.4,0.0404,1.2703,31.67151,34.55505,,9325313024,14132737024.0,1.82353,125.51471
CRL,,0.10436,0.11924,0.04873,,-0.016,-0.213,0.14692001,,,,22.773066,17.661139,,9339515904,11937473536.0,2.7619,215.26947
GNRC,,0.07169,0.123780005,0.059180003,,0.096,0.948,0.14369,,,,32.708332,18.867788,,9341076480,10708438016.0,2.32,178.90909
AES,,0.08344,-0.02549,0.028369999,,-0.042,1.206,0.20158,0.69,0.0531,0.4746,9.0625,6.3672824,,9278902272,42701901824.0,1.9375,18.24692
GL,,0.19037001,0.23546,0.03308,,0.052,0.284,0.28285998,0.96,0.0086,0.0801,9.511864,8.274845,,9421998080,12320037888.0,2.1,132.9
LW,,0.09573,0.37015,0.08644,,-0.007,-0.45,0.12823,1.44,0.0184,0.3192,26.0,16.923094,,9420011520,15095197696.0,2.5,69.79
HSIC,,0.025120001,0.06334,0.03876,,0.004,-0.257,0.06553,,,,28.094263,13.198302,,8546883072,12880903168.0,,74.83333
MKTX,,0.34320998,0.21625,0.1183,,0.2,0.301,0.42646,2.96,0.013099999,0.3978,30.487146,27.502207,,8494801408,8022453248.0,2.53333,281.0
MTCH,,0.17864001,,0.123950005,,0.016,-0.11,0.27456,0.76,0.0233,,14.623319,9.69036,,8188078080,11174516736.0,,36.6852
TFX,,0.07847,0.05412,0.03154,,0.024,-0.185,0.19570999,1.36,0.0076,0.2698,35.59642,11.726197,,8315744768,9969136640.0,,238.67667
WBA,,-0.05849,-0.75969005,0.0058999998,,0.06,,0.02349,1.0,0.1088,2.9091,,5.7311053,,7935454208,40418832384.0,,10.35714
HAS,,-0.14833,-0.36224997,0.047319997,,-0.148,,0.23562,2.8,0.0496,3.2557998,,12.760847,,7872040960,10704265216.0,,79.22929
IVZ,,-0.030030001,-0.00944,0.019129999,,0.051,-0.586,0.19670999,0.82,0.0465,0.5962,,9.3287525,,7932615680,12940815360.0,2.88235,18.98438
APA,,0.24824,0.6186,0.07833,,0.104,,-0.089049995,1.0,0.0428,0.142,3.3210225,6.734724,,8649360384,16101371904.0,2.76667,31.11517
MOS,,0.0324,0.03346,0.02177,,-0.208,,0.041050002,0.88,0.0361,0.7345,21.57522,10.444379,,7744184832,11873491968.0,2.5,32.76947
PARA,,-0.18887,-0.30080998,0.0337,,-0.056,,0.10816,0.2,0.0189,0.932,,6.502286,,7531193344,20756596736.0,3.30769,12.70667
MHK,,0.052160002,0.07457,0.04316,,-0.017,,0.08525,,,,13.083522,10.591563,,7317021184,9490516992.0,,155.54
CE,,0.10402001,0.15095,0.02698,,-0.028,-0.878,0.11517999,2.8,0.040900003,0.2789,6.8147407,7.466807,,7479127040,20449142784.0,3.0,93.0
HII,,0.05987,0.17666,0.042680003,,-0.024,-0.309,0.04147,5.4,0.028800001,0.2938,10.605427,11.993017,,7341047808,10151056384.0,2.84615,228.51
CZR,,-0.03203,-0.063769996,0.044770002,,-0.04,,0.22408001,,,,,25.515158,,6924723200,32607735808.0,,53.02941
BWA,,0.06331,0.15923999,0.052670002,,-0.048,3.909,0.08437,0.44,0.0139999995,0.1089,7.7524753,6.816639,,6849683968,9784680448.0,,41.24118
QRVO,,-0.03577,-0.03908,0.034059998,,-0.052,,0.10182,,,,,11.196785,,6594183168,7459153408.0,,93.23318
